{
    "FairTradeCertificate": {
        "Actions": {
            "ApproveCertification" : {},
            "RevokeCertification" : {}
        },
        "Properties": {
            "CurrentState": {
                "Type": "string"
            },
            "MarketPlace": {
                "Type": "address"
            },
            "Property": {
                "Type": "address"
            },
            "State": {
                "Type": "state"
            }
        },
        "Chains": {
            "Ethereum": {
                "Version": "1.0",
                "TypeName": "FairTradeCertificate",
                "Type": "Ethereum",
                "PropertyOverrides": {},
                "Location": "dynamic",
                "ActionOverrides": {}
            }
        },
        "Constructor": {
            "certificateType": {
                "Type": "string"
            },
            "property": {
                "Type": "address"
            }
        }
    },
    "Farm": {
        "Actions": {
            "IsOwner": {
                "Parameters": {
                    "owner": {
                        "Type": "address"
                    }
                }
            },
            "SellRawCocoa": {
                "Parameters": {
                    "batchId": {
                        "Type": "uint"
                    },
                    "price": {
                        "Type": "uint"
                    }
                }
            },
            "RequestCertification": {
                "Parameters": {
                    "marketPlace": {
                        "Type": "address"
                    }
                }
            }
        },
        "Properties": {
            "CurrentState": {
                "Type": "string"
            },
            "Description": {
                "Type": "string"
            },
            "Owner": {
                "Type": "address"
            },
            "TradeCertificate": {
                "Type": "address"
            },
            "State": {
                "Type": "state"
            }
        },
        "Chains": {
            "Ethereum": {
                "Version": "1.0",
                "TypeName": "Farm",
                "Type": "Ethereum",
                "PropertyOverrides": {},
                "Location": "dynamic",
                "ActionOverrides": {}
            }
        },
        "Constructor": {
            "description": {
                "Type": "string"
            }
        }
    },
    "Manufacturer": {
        "Actions": {
            "RemoveBuyer": {
                "Parameters": {
                    "buyer": {
                        "Type": "address"
                    }
                }
            },
            "RequestCertification": {
                "Parameters": {
                    "marketPlace": {
                        "Type": "address"
                    }
                }
            },
            "CompleteCocoaSale": {
                "Parameters": {
                    "batch": {
                        "Type": "address"
                    }
                }
            },
            "PurchaseRawCocoa": {
                "Parameters": {
                    "batch": {
                        "Type": "address"
                    },
                    "price": {
                        "Type": "uint"
                    }
                }
            },
            "RegisterBuyer": {
                "Parameters": {
                    "buyer": {
                        "Type": "address"
                    }
                }
            },
            "IsOwner": {
                "Parameters": {
                    "owner": {
                        "Type": "address"
                    }
                }
            }
        },
        "Properties": {
            "CurrentState": {
                "Type": "string"
            },
            "Description": {
                "Type": "string"
            },
            "Owner": {
                "Type": "address"
            },
            "TradeCertificate": {
                "Type": "address"
            },
            "State": {
                "Type": "state"
            }
        },
        "Chains": {
            "Ethereum": {
                "Version": "1.0",
                "TypeName": "Manufacturer",
                "Type": "Ethereum",
                "PropertyOverrides": {},
                "Location": "dynamic",
                "ActionOverrides": {}
            }
        },
        "Constructor": {
            "description": {
                "Type": "string"
            }
        }
    },
    "FairTradeCocoaMarketplace": {
        "Actions": {
            "MakeRawCocoaOffer": {
                "Parameters": {
                    "batch": {
                        "Type": "address"
                    },
                    "price": {
                        "Type": "uint"
                    }
                }
            },
            "RequestFarmCertification": {
                "Parameters": {
                    "farm": {
                        "Type": "address"
                    }
                }
            },
            "AcceptRawCocoaOffer": {
                "Parameters": {
                    "batch": {
                        "Type": "address"
                    }
                }
            },
            "SellRawCocoa": {
                "Parameters": {
                    "batch": {
                        "Type": "address"
                    }
                }
            },
            "RegisterCertifiedFarm": {
                "Parameters": {
                    "certificate": {
                        "Type": "address"
                    }
                }
            },
            "RegisterCertifiedManufacturer": {
                "Parameters": {
                    "certificate": {
                        "Type": "address"
                    }
                }
            },
            "RequestManufacturerCertification": {
                "Parameters": {
                    "manufacturer": {
                        "Type": "address"
                    }
                }
            }
        },
        "Properties": {
            "State": {
                "Type": "uint"
            },
            "MarketPlace" : {
                "Type" : "address"
            }
        },
        "Chains": {
            "Ethereum": {
                "Version": "1.0",
                "TypeName": "FairTradeCocoaMarketplace",
                "Type": "Ethereum",
                "PropertyOverrides": {},
                "Location": "dynamic",
                "ActionOverrides": {}
            }
        },
        "Constructor": {}
    },
    "RawCocoaBatch": {
        "Actions": {
            "AcceptOffer": {
                "Parameters": {
                    "offeredPrice": {
                        "Type": "uint"
                    }
                }
            },
            "MakeOffer": {
                "Parameters": {
                    "offerOwner": {
                        "Type": "address"
                    },
                    "price": {
                        "Type": "uint"
                    }
                }
            }
        },
        "Properties": {
            "AskingPrice": {
                "Type": "uint"
            },
            "OfferOwner": {
                "Type": "address"
            },
            "BatchId": {
                "Type": "uint"
            },
            "State": {
                "Type": "state"
            },
            "OfferedPrice": {
                "Type": "uint"
            },
            "Farm": {
                "Type": "address"
            },
            "CurrentState": {
                "Type": "string"
            }
        },
        "Chains": {
            "Ethereum": {
                "Version": "1.0",
                "TypeName": "RawCocoaBatch",
                "Type": "Ethereum",
                "PropertyOverrides": {},
                "Location": "dynamic",
                "ActionOverrides": {}
            }
        },
        "Constructor" : {}
    }
}