{
    "Contracts": {
        "FairTradeCertificate": {
            "Personas": {
                "Unused": {
                    "IsInitiator": true,
                    "Role": "Initiator"
                },
                "Observer": {
                    "Role": "Participant"
                },
                "Inspector": {
                    "Role": "Participant"
                }
            },
            "StateProperty": "State",
            "StateMapping": {
                "Unknown": 0,
                "PendingApproval": 1,
                "Approved": 2,
                "Revoked": 3
            },
            "States": {
                "Unknown": {
                    "PercentComplete": 0,
                    "IsInitiatingState": true,
                    "TargetState": "PendingApproval",
                    "Style": "Success",
                    "Actions": {
                        "Unused": {
                            "Create": {}
                        }
                    }
                },
                "PendingApproval": {
                    "PercentComplete": 50,
                    "IsDefaultState": true,
                    "TargetState": "Active",
                    "Style": "Success",
                    "Actions": {
                        "Inspector": {
                            "ApproveCertification": {}
                        }
                    }
                },
                "Approved": {
                    "PercentComplete": 100,
                    "TargetState": "Active",
                    "Style": "Success",
                    "Actions": {
                        "Inspector": {
                            "RevokeCertification": {}
                        }
                    }
                },
                "Revoked": {
                    "PercentComplete": 50,
                    "TargetState": "Active",
                    "Style": "Success",
                    "Actions": {
                        "Inspector": {
                            "ApproveCertification": {}
                        }
                    }
                }
            }
        },
        "Farm": {
            "InitiatingRoles": [
                "Admin",
                "User"
            ],
            "Personas": {
                "Farmer": {
                    "Role": "Initiator",
                    "IsInitiator": true,
                    "PropertyMapping": "Owner"
                }
            },
            "StateProperty": "State",
            "StateMapping": {
                "Unknown": 0,
                "Registered": 1,
                "PendingInspection": 2,
                "Certified": 3
            },
            "States": {
                "Unknown": {
                    "IsInitiatingState": true,
                    "PercentComplete": 0,
                    "TargetState": "Active",
                    "Style": "Success",
                    "Actions": {
                        "Farmer": {
                            "Create": {}
                        }
                    }
                },
                "Registered": {
                    "PercentComplete": 25,
                    "IsDefaultState": true,
                    "TargetState": "Active",
                    "Style": "Success",
                    "Actions": {
                        "Farmer": {
                            "RequestCertification": {}
                        }
                    }
                },
                "PendingInspection": {
                    "PercentComplete": 50,
                    "TargetState": "Active",
                    "Style": "Success",
                    "Actions": {}
                },
                "Certified": {
                    "PercentComplete": 100,
                    "TargetState": "Active",
                    "Style": "Success",
                    "Actions": {
                        "Farmer": {
                            "SellRawCocoa": {}
                        }
                    }
                }
            },
            "Properties": {},
            "Constructor": {
                "DisplayName": "Register Cocoa Farm",
                "Description": "Register Cocoa Farm"
            }
        },
        "Manufacturer": {
            "InitiatingRoles": [
                "Admin",
                "User"
            ],
            "Personas": {
                "Manufacturer": {
                    "Role": "Initiator",
                    "IsInitiator": true,
                    "PropertyMapping": "Owner"
                },
                "Buyer": {
                    "Role": "Participant"
                }
            },
            "StateProperty": "State",
            "StateMapping": {
                "Unknown": 0,
                "Registered": 1,
                "PendingInspection": 2,
                "Certified": 3
            },
            "States": {
                "Unknown": {
                    "PercentComplete": 0,
                    "IsInitiatingState": true,
                    "TargetState": "Active",
                    "Style": "Success",
                    "Actions": {
                        "Manufacturer": {
                            "Create": {}
                        }
                    }
                },
                "Registered": {
                    "PercentComplete": 25,
                    "IsDefaultState": true,
                    "TargetState": "Active",
                    "Style": "Success",
                    "Actions": {
                        "Manufacturer": {
                            "RequestCertification": {}
                        }
                    }
                },
                "PendingInspection": {
                    "PercentComplete": 50,
                    "TargetState": "Active",
                    "Style": "Success",
                    "Actions": {
                        "Manufacturer": {
                            "RegisterBuyer": {},
                            "RemoveBuyer": {}
                        }
                    }
                },
                "Certified": {
                    "PercentComplete": 100,
                    "TargetState": "Active",
                    "Style": "Success",
                    "Actions": {
                        "Manufacturer": {
                            "RegisterBuyer": {},
                            "RemoveBuyer": {},
                            "PurchaseRawCocoa": {}
                        },
                        "Buyer": {
                            "PurchaseRawCocoa": {}
                        }
                    }
                }
            },
            "Constructor": {
                "DisplayName": "Register Cocoa Manufacturer"
            }
        },
        "FairTradeCocoaMarketplace": {
            "InitiatingRoles": [
                "Admin",
                "User"
            ],
            "Personas": {
                "Owner": {
                    "Role": "Initiator",
                    "IsInitiator": true,
                    "PropertyMapping": "Owner"
                }
            },
            "StateProperty": "State",
            "StateMapping": {
                "Created": 0,
                "Active": 1,
                "Closed": 2
            },
            "States": {
                "Created": {
                    "PercentComplete": 0,
                    "IsInitiatingState": true,
                    "TargetState": "Active",
                    "Style": "Success",
                    "Actions": {
                        "Owner": {
                            "Create": {}
                        }
                    }
                },
                "Active": {
                    "PercentComplete": 100,
                    "IsDefaultState": true,
                    "TargetState": "Active",
                    "Style": "Success",
                    "Actions": {}
                }
            },
            "Constructor": {
                "DisplayName": "Create Fair Trade Marketplace",
                "Description": "This is a fair trade marketplace"
            }
        },
        "RawCocoaBatch": {
            "Personas": {
                "Unused": {
                    "IsInitiator": true,
                    "Role": "Initiator"
                },
                "Buyer": {
                    "Role": "Participant"
                }
            },
            "StateProperty": "State",
            "StateMapping": {
                "Unknown": 0,
                "AwaitingBuyer": 1,
                "OfferPlaced": 2,
                "Purchased": 3
            },
            "States": {
                "Unknown": {
                    "PercentComplete": 0,
                    "IsInitiatingState": true,
                    "TargetState": "Active",
                    "Style": "Success",
                    "Actions": {
                        "Unused": {
                            "Create": {}
                        }
                    }
                },
                "AwaitingBuyer": {
                    "PercentComplete": 33,
                    "IsDefaultState": true,
                    "TargetState": "Active",
                    "Style": "Success",
                    "Actions": {}
                },
                "OfferPlaced": {
                    "PercentComplete": 75,
                    "TargetState": "Active",
                    "Style": "Success",
                    "Actions": {}
                },
                "Purchased": {
                    "PercentComplete": 100,
                    "TargetState": "Active",
                    "Style": "Success",
                    "Actions": {}
                }
            }
        }
    }
}