{
  "ApplicationName": "AssetTransfer",
  "DisplayName": "Asset Transfer",
  "Description": "Allows transfer of assets between a buyer and a seller, with appraisal/inspection functionality",
  "ApplicationRoles": [
    {
      "Name": "Appraiser",
      "Description": "User that signs off on the asset price"
    },
    {
      "Name": "Buyer",
      "Description": "User that places an offer on an asset"
    },
    {
      "Name": "Inspector",
      "Description": "User that inspects the asset and signs off on inspection"
    },
    {
      "Name": "Owner",
      "Description": "User that signs off on the asset price"
    }
  ],
  "Workflows": [
    {
      "Name": "AssetTransfer",
      "DisplayName": "Asset Transfer",
      "Description": "Handles the business logic for the asset transfer scenario",
      "Initiators": [ "Owner" ],
      "StartState":  "Active",
      "Properties": [
        {
          "Name": "State",
          "DisplayName": "State",
          "Description": "Holds the state of the contract",
          "Type": {
            "Name": "state"
          }
        },
        {
          "Name": "Description",
          "DisplayName": "Description",
          "Description": "Describes the asset being sold",
          "Type": {
            "Name": "string"
          }
        },
        {
          "Name": "AskingPrice",
          "DisplayName": "Asking Price",
          "Description": "The asking price for the asset",
          "Type": {
            "Name": "money"
          }
        },
        {
          "Name": "OfferPrice",
          "DisplayName": "Offer Price",
          "Description": "The price being offered for the asset",
          "Type": {
            "Name": "money"
          }
        },
        {
          "Name": "InstanceAppraiser",
          "DisplayName": "Instance Appraiser",
          "Description": "The user that appraises the asset",
          "Type": {
            "Name": "Appraiser"
          }
        },
        {
          "Name": "InstanceBuyer",
          "DisplayName": "Instance Buyer",
          "Description": "The user that places an offer for this asset",
          "Type": {
            "Name": "Buyer"
          }
        },
        {
          "Name": "InstanceInspector",
          "DisplayName": "Instance Inspector",
          "Description": "The user that inspects this asset",
          "Type": {
            "Name": "Inspector"
          }
        },
        {
          "Name": "InstanceOwner",
          "DisplayName": "Instance Owner",
          "Description": "The seller of this particular asset",
          "Type": {
            "Name": "Owner"
          }
        }
      ],
      "Constructor": {
        "Parameters": [
          {
            "Name": "description",
            "Description": "The description of this asset",
            "DisplayName": "Description",
            "Type": {
              "Name": "string"
            }
          },
          {
            "Name": "price",
            "Description": "The price of this asset",
            "DisplayName": "Price",
            "Type": {
              "Name": "money"
            }
          }
        ]
      },
      "Functions": [
        {
          "Name": "Modify",
          "DisplayName": "Modify",
          "Description": "Modify the description/price attributes of this asset transfer instance",
          "Parameters": [
            {
              "Name": "description",
              "Description": "The new description of the asset",
              "DisplayName": "Description",
              "Type": {
                "Name": "string"
              }
            },
            {
              "Name": "price",
              "Description": "The new price of the asset",
              "DisplayName": "Price",
              "Type": {
                "Name": "money"
              }
            }
          ]
        },
        {
          "Name": "Terminate",
          "DisplayName": "Terminate",
          "Description": "Used to cancel this particular instance of asset transfer",
          "Parameters": []
        },
        {
          "Name": "MakeOffer",
          "DisplayName": "Make Offer",
          "Description": "Place an offer for this asset",
          "Parameters": [
            {
              "Name": "inspector",
              "Description": "Specify a user to inspect this asset",
              "DisplayName": "Inspector",
              "Type": {
                "Name": "Inspector"
              }
            },
            {
              "Name": "appraiser",
              "Description": "Specify a user to appraise this asset",
              "DisplayName": "Appraiser",
              "Type": {
                "Name": "Appraiser"
              }
            },
            {
              "Name": "offerPrice",
              "Description": "Specify your offer price for this asset",
              "DisplayName": "Offer Price",
              "Type": {
                "Name": "money"
              }
            }
          ]
        },
        {
          "Name": "Reject",
          "DisplayName": "Reject",
          "Description": "Reject the user's offer",
          "Parameters": []
        },
        {
          "Name": "AcceptOffer",
          "DisplayName": "Accept Offer",
          "Description": "Accept the user's offer",
          "Parameters": []
        },
        {
          "Name": "RescindOffer",
          "DisplayName": "Rescind Offer",
          "Description": "Rescind your placed offer",
          "Parameters": []
        },
        {
          "Name": "ModifyOffer",
          "DisplayName": "Modify Offer",
          "Description": "Modify the price of your placed offer",
          "Parameters": [
            {
              "Name": "offerPrice",
              "DisplayName": "Price",
              "Type": {
                "Name": "money"
              }
            }
          ]
        },
        {
          "Name": "Accept",
          "DisplayName": "Accept",
          "Description": "Accept the inspection/appraisal results",
          "Parameters": []
        },
        {
          "Name": "MarkInspected",
          "DisplayName": "Mark Inspected",
          "Description": "Mark the asset as inspected",
          "Parameters": []
        },
        {
          "Name": "MarkAppraised",
          "DisplayName": "Mark Appraised",
          "Description": "Mark the asset as appraised",
          "Parameters": []
        }
      ],
      "States": [
        {
          "Name": "Active",
          "DisplayName": "Active",
          "Description": "The initial state of the asset transfer workflow",
          "PercentComplete": 20,
          "Style": "Success",
          "Transitions": [
            {
              "AllowedRoles": [],
              "AllowedInstanceRoles": [ "InstanceOwner" ],
              "Description": "Cancels this instance of asset transfer",
              "Function": "Terminate",
              "NextStates": [ "Terminated" ],
              "DisplayName": "Terminate Offer"
            },
            {
              "AllowedRoles": [ "Buyer" ],
              "AllowedInstanceRoles": [],
              "Description": "Make an offer for this asset",
              "Function": "MakeOffer",
              "NextStates": [ "OfferPlaced" ],
              "DisplayName": "Make Offer"
            },
            {
              "AllowedRoles": [],
              "AllowedInstanceRoles": [ "InstanceOwner" ],
              "Description": "Modify attributes of this asset transfer instance",
              "Function": "Modify",
              "NextStates": [ "Active" ],
              "DisplayName": "Modify"
            }
          ]
        },
        {
          "Name": "OfferPlaced",
          "DisplayName": "Offer Placed",
          "Description": "Offer has been placed for the asset",
          "PercentComplete": 30,
          "Style": "Success",
          "Transitions": [
            {
              "AllowedRoles": [],
              "AllowedInstanceRoles": [ "InstanceOwner" ],
              "Description": "Accept the proposed offer for the asset",
              "Function": "AcceptOffer",
              "NextStates": [ "PendingInspection" ],
              "DisplayName": "Accept Offer"
            },
            {
              "AllowedRoles": [],
              "AllowedInstanceRoles": [ "InstanceOwner" ],
              "Description": "Reject the proposed offer for the asset",
              "Function": "Reject",
              "NextStates": [ "Active" ],
              "DisplayName": "Reject"
            },
            {
              "AllowedRoles": [],
              "AllowedInstanceRoles": [ "InstanceOwner" ],
              "Description": "Cancel this instance of asset transfer",
              "Function": "Terminate",
              "NextStates": [ "Terminated" ],
              "DisplayName": "Terminate"
            },
            {
              "AllowedRoles": [],
              "AllowedInstanceRoles": [ "InstanceBuyer" ],
              "Description": "Rescind the offer you previously placed for this asset",
              "Function": "RescindOffer",
              "NextStates": [ "Active" ],
              "DisplayName": "Rescind Offer"
            },
            {
              "AllowedRoles": [],
              "AllowedInstanceRoles": [ "InstanceBuyer" ],
              "Description": "Modify the price that you specified for your offer",
              "Function": "ModifyOffer",
              "NextStates": [ "OfferPlaced" ],
              "DisplayName": "Modify Offer"
            }
          ]
        },
        {
          "Name": "PendingInspection",
          "DisplayName": "Pending Inspection",
          "Description": "Asset is pending inspection",
          "PercentComplete": 40,
          "Style": "Success",
          "Transitions": [
            {
              "AllowedRoles": [],
              "AllowedInstanceRoles": [ "InstanceOwner" ],
              "Description": "Reject the offer",
              "Function": "Reject",
              "NextStates": [ "Active" ],
              "DisplayName": "Reject"
            },
            {
              "AllowedRoles": [],
              "AllowedInstanceRoles": [ "InstanceOwner" ],
              "Description": "Cancel the offer",
              "Function": "Terminate",
              "NextStates": [ "Terminated" ],
              "DisplayName": "Terminate"
            },
            {
              "AllowedRoles": [],
              "AllowedInstanceRoles": [ "InstanceBuyer" ],
              "Description": "Rescind the offer you placed for this asset",
              "Function": "RescindOffer",
              "NextStates": [ "Active" ],
              "DisplayName": "Rescind Offer"
            },
            {
              "AllowedRoles": [],
              "AllowedInstanceRoles": [ "InstanceInspector" ],
              "Description": "Mark this asset as inspected",
              "Function": "MarkInspected",
              "NextStates": [ "Inspected" ],
              "DisplayName": "Mark Inspected"
            },
            {
              "AllowedRoles": [],
              "AllowedInstanceRoles": [ "InstanceAppraiser" ],
              "Description": "Mark this asset as appraised",
              "Function": "MarkAppraised",
              "NextStates": [ "Appraised" ],
              "DisplayName": "Mark Appraised"
            }
          ]
        },
        {
          "Name": "Inspected",
          "DisplayName": "Inspected",
          "PercentComplete": 45,
          "Style": "Success",
          "Transitions": [
            {
              "AllowedRoles": [],
              "AllowedInstanceRoles": [ "InstanceOwner" ],
              "Description": "Reject the offer",
              "Function": "Reject",
              "NextStates": [ "Active" ],
              "DisplayName": "Reject"
            },
            {
              "AllowedRoles": [],
              "AllowedInstanceRoles": [ "InstanceOwner" ],
              "Description": "Cancel the offer",
              "Function": "Terminate",
              "NextStates": [ "Terminated" ],
              "DisplayName": "Terminate"
            },
            {
              "AllowedRoles": [],
              "AllowedInstanceRoles": [ "InstanceBuyer" ],
              "Description": "Rescind the offer you placed for this asset",
              "Function": "RescindOffer",
              "NextStates": [ "Active" ],
              "DisplayName": "Rescind Offer"
            },
            {
              "AllowedRoles": [],
              "AllowedInstanceRoles": [ "InstanceAppraiser" ],
              "Description": "Mark this asset as appraised",
              "Function": "MarkAppraised",
              "NextStates": [ "NotionalAcceptance" ],
              "DisplayName": "Mark Appraised"
            }
          ]
        },
        {
          "Name": "Appraised",
          "DisplayName": "Appraised",
          "Description": "Asset has been appraised, now awaiting inspection",
          "PercentComplete": 45,
          "Style": "Success",
          "Transitions": [
            {
              "AllowedRoles": [],
              "AllowedInstanceRoles": [ "InstanceOwner" ],
              "Description": "Reject the offer",
              "Function": "Reject",
              "NextStates": [ "Active" ],
              "DisplayName": "Reject"
            },
            {
              "AllowedRoles": [],
              "AllowedInstanceRoles": [ "InstanceOwner" ],
              "Description": "Cancel the offer",
              "Function": "Terminate",
              "NextStates": [ "Terminated" ],
              "DisplayName": "Terminate"
            },
            {
              "AllowedRoles": [],
              "AllowedInstanceRoles": [ "InstanceBuyer" ],
              "Description": "Rescind the offer you placed for this asset",
              "Function": "RescindOffer",
              "NextStates": [ "Active" ],
              "DisplayName": "Rescind Offer"
            },
            {
              "AllowedRoles": [],
              "AllowedInstanceRoles": [ "InstanceInspector" ],
              "Description": "Mark the asset as inspected",
              "Function": "MarkInspected",
              "NextStates": [ "NotionalAcceptance" ],
              "DisplayName": "Mark Inspected"
            }
          ]
        },
        {
          "Name": "NotionalAcceptance",
          "DisplayName": "Notional Acceptance",
          "Description": "Asset has been inspected and appraised, awaiting final sign-off from buyer and seller",
          "PercentComplete": 50,
          "Style": "Success",
          "Transitions": [
            {
              "AllowedRoles": [],
              "AllowedInstanceRoles": [ "InstanceOwner" ],
              "Description": "Sign-off on inspection and appraisal",
              "Function": "Accept",
              "NextStates": [ "SellerAccepted" ],
              "DisplayName": "SellerAccept"
            },
            {
              "AllowedRoles": [],
              "AllowedInstanceRoles": [ "InstanceOwner" ],
              "Description": "Reject the proposed offer for the asset",
              "Function": "Reject",
              "NextStates": [ "Active" ],
              "DisplayName": "Reject"
            },
            {
              "AllowedRoles": [],
              "AllowedInstanceRoles": [ "InstanceOwner" ],
              "Description": "Cancel this instance of asset transfer",
              "Function": "Terminate",
              "NextStates": [ "Terminated" ],
              "DisplayName": "Terminate"
            },
            {
              "AllowedRoles": [],
              "AllowedInstanceRoles": [ "InstanceBuyer" ],
              "Description": "Sign-off on inspection and appraisal",
              "Function": "Accept",
              "NextStates": [ "BuyerAccepted" ],
              "DisplayName": "BuyerAccept"
            },
            {
              "AllowedRoles": [],
              "AllowedInstanceRoles": [ "InstanceBuyer" ],
              "Description": "Rescind the offer you placed for this asset",
              "Function": "RescindOffer",
              "NextStates": [ "Active" ],
              "DisplayName": "Rescind Offer"
            }
          ]
        },
        {
          "Name": "BuyerAccepted",
          "DisplayName": "Buyer Accepted",
          "Description": "Buyer has signed-off on inspection and appraisal",
          "PercentComplete": 75,
          "Style": "Success",
          "Transitions": [
            {
              "AllowedRoles": [],
              "AllowedInstanceRoles": [ "InstanceOwner" ],
              "Description": "Sign-off on inspection and appraisal",
              "Function": "Accept",
              "NextStates": [ "SellerAccepted" ],
              "DisplayName": "Accept"
            },
            {
              "AllowedRoles": [],
              "AllowedInstanceRoles": [ "InstanceOwner" ],
              "Description": "Reject the proposed offer for the asset",
              "Function": "Reject",
              "NextStates": [ "Active" ],
              "DisplayName": "Reject"
            },
            {
              "AllowedRoles": [],
              "AllowedInstanceRoles": [ "InstanceOwner" ],
              "Description": "Cancel this instance of asset transfer",
              "Function": "Terminate",
              "NextStates": [ "Terminated" ],
              "DisplayName": "Terminate"
            }
          ]
        },
        {
          "Name": "SellerAccepted",
          "DisplayName": "Seller Accepted",
          "Description": "Seller has signed-off on inspection and appraisal",
          "PercentComplete": 75,
          "Style": "Success",
          "Transitions": [
            {
              "AllowedRoles": [],
              "AllowedInstanceRoles": [ "InstanceBuyer" ],
              "Description": "Sign-off on inspection and appraisal",
              "Function": "Accept",
              "NextStates": [ "Accepted" ],
              "DisplayName": "Accept"
            },
            {
              "AllowedRoles": [],
              "AllowedInstanceRoles": [ "InstanceBuyer" ],
              "Description": "Rescind the offer you placed for this asset",
              "Function": "RescindOffer",
              "NextStates": [ "Active" ],
              "DisplayName": "Rescind Offer"
            }
          ]
        },
        {
          "Name": "Accepted",
          "DisplayName": "Accepted",
          "Description": "Asset transfer process is complete",
          "PercentComplete": 100,
          "Style": "Success",
          "Transitions": []
        },
        {
          "Name": "Terminated",
          "DisplayName": "Terminated",
          "Description": "Asset transfer has been cancelled",
          "PercentComplete": 100,
          "Style": "Failure",
          "Transitions": []
        }
      ]
    }
  ]
}
